<?xml version="1.0" encoding="UTF-8"?>
<GenRun Id="impl_1" LaunchPart="xc7z010clg400-1" LaunchTime="1636927565">
  <File Type="OPT-HWDEF" Name="top_img_multi.hwdef"/>
  <File Type="ROUTE-BUS-SKEW" Name="top_img_multi_bus_skew_routed.rpt"/>
  <File Type="PA-DCP" Name="top_img_multi.dcp"/>
  <File Type="BITSTR-BMM" Name="top_img_multi_bd.bmm"/>
  <File Type="OPT-METHODOLOGY-DRC" Name="top_img_multi_methodology_drc_opted.rpt"/>
  <File Type="INIT-TIMING" Name="top_img_multi_timing_summary_init.rpt"/>
  <File Type="ROUTE-PWR" Name="top_img_multi_power_routed.rpt"/>
  <File Type="PA-TCL" Name="top_img_multi.tcl"/>
  <File Type="OPT-TIMING" Name="top_img_multi_timing_summary_opted.rpt"/>
  <File Type="OPT-DCP" Name="top_img_multi_opt.dcp"/>
  <File Type="ROUTE-PWR-SUM" Name="top_img_multi_power_summary_routed.pb"/>
  <File Type="REPORTS-TCL" Name="top_img_multi_reports.tcl"/>
  <File Type="OPT-DRC" Name="top_img_multi_drc_opted.rpt"/>
  <File Type="PWROPT-DCP" Name="top_img_multi_pwropt.dcp"/>
  <File Type="PWROPT-DRC" Name="top_img_multi_drc_pwropted.rpt"/>
  <File Type="PWROPT-TIMING" Name="top_img_multi_timing_summary_pwropted.rpt"/>
  <File Type="PLACE-DCP" Name="top_img_multi_placed.dcp"/>
  <File Type="PLACE-IO" Name="top_img_multi_io_placed.rpt"/>
  <File Type="PLACE-CLK" Name="top_img_multi_clock_utilization_placed.rpt"/>
  <File Type="PLACE-UTIL" Name="top_img_multi_utilization_placed.rpt"/>
  <File Type="PLACE-UTIL-PB" Name="top_img_multi_utilization_placed.pb"/>
  <File Type="PLACE-CTRL" Name="top_img_multi_control_sets_placed.rpt"/>
  <File Type="PLACE-SIMILARITY" Name="top_img_multi_incremental_reuse_placed.rpt"/>
  <File Type="PLACE-PRE-SIMILARITY" Name="top_img_multi_incremental_reuse_pre_placed.rpt"/>
  <File Type="PLACE-TIMING" Name="top_img_multi_timing_summary_placed.rpt"/>
  <File Type="POSTPLACE-PWROPT-DCP" Name="top_img_multi_postplace_pwropt.dcp"/>
  <File Type="BG-BIN" Name="top_img_multi.bin"/>
  <File Type="POSTPLACE-PWROPT-TIMING" Name="top_img_multi_timing_summary_postplace_pwropted.rpt"/>
  <File Type="PHYSOPT-DCP" Name="top_img_multi_physopt.dcp"/>
  <File Type="PHYSOPT-DRC" Name="top_img_multi_drc_physopted.rpt"/>
  <File Type="BITSTR-MSK" Name="top_img_multi.msk"/>
  <File Type="PHYSOPT-TIMING" Name="top_img_multi_timing_summary_physopted.rpt"/>
  <File Type="ROUTE-ERROR-DCP" Name="top_img_multi_routed_error.dcp"/>
  <File Type="ROUTE-DCP" Name="top_img_multi_routed.dcp"/>
  <File Type="ROUTE-BLACKBOX-DCP" Name="top_img_multi_routed_bb.dcp"/>
  <File Type="ROUTE-DRC" Name="top_img_multi_drc_routed.rpt"/>
  <File Type="ROUTE-DRC-PB" Name="top_img_multi_drc_routed.pb"/>
  <File Type="BITSTR-LTX" Name="debug_nets.ltx"/>
  <File Type="BITSTR-LTX" Name="top_img_multi.ltx"/>
  <File Type="ROUTE-DRC-RPX" Name="top_img_multi_drc_routed.rpx"/>
  <File Type="BITSTR-MMI" Name="top_img_multi.mmi"/>
  <File Type="ROUTE-METHODOLOGY-DRC" Name="top_img_multi_methodology_drc_routed.rpt"/>
  <File Type="ROUTE-METHODOLOGY-DRC-RPX" Name="top_img_multi_methodology_drc_routed.rpx"/>
  <File Type="BITSTR-SYSDEF" Name="top_img_multi.sysdef"/>
  <File Type="ROUTE-METHODOLOGY-DRC-PB" Name="top_img_multi_methodology_drc_routed.pb"/>
  <File Type="ROUTE-PWR-RPX" Name="top_img_multi_power_routed.rpx"/>
  <File Type="ROUTE-STATUS" Name="top_img_multi_route_status.rpt"/>
  <File Type="ROUTE-STATUS-PB" Name="top_img_multi_route_status.pb"/>
  <File Type="ROUTE-TIMINGSUMMARY" Name="top_img_multi_timing_summary_routed.rpt"/>
  <File Type="ROUTE-TIMING-PB" Name="top_img_multi_timing_summary_routed.pb"/>
  <File Type="ROUTE-TIMING-RPX" Name="top_img_multi_timing_summary_routed.rpx"/>
  <File Type="ROUTE-SIMILARITY" Name="top_img_multi_incremental_reuse_routed.rpt"/>
  <File Type="ROUTE-CLK" Name="top_img_multi_clock_utilization_routed.rpt"/>
  <File Type="ROUTE-BUS-SKEW-PB" Name="top_img_multi_bus_skew_routed.pb"/>
  <File Type="ROUTE-BUS-SKEW-RPX" Name="top_img_multi_bus_skew_routed.rpx"/>
  <File Type="POSTROUTE-PHYSOPT-DCP" Name="top_img_multi_postroute_physopt.dcp"/>
  <File Type="POSTROUTE-PHYSOPT-BLACKBOX-DCP" Name="top_img_multi_postroute_physopt_bb.dcp"/>
  <File Type="POSTROUTE-PHYSOPT-TIMING" Name="top_img_multi_timing_summary_postroute_physopted.rpt"/>
  <File Type="POSTROUTE-PHYSOPT-TIMING-PB" Name="top_img_multi_timing_summary_postroute_physopted.pb"/>
  <File Type="POSTROUTE-PHYSOPT-TIMING-RPX" Name="top_img_multi_timing_summary_postroute_physopted.rpx"/>
  <File Type="POSTROUTE-PHYSOPT-BUS-SKEW" Name="top_img_multi_bus_skew_postroute_physopted.rpt"/>
  <File Type="POSTROUTE-PHYSOPT-BUS-SKEW-PB" Name="top_img_multi_bus_skew_postroute_physopted.pb"/>
  <File Type="BG-BIT" Name="top_img_multi.bit"/>
  <File Type="POSTROUTE-PHYSOPT-BUS-SKEW-RPX" Name="top_img_multi_bus_skew_postroute_physopted.rpx"/>
  <File Type="BITSTR-RBT" Name="top_img_multi.rbt"/>
  <File Type="BITSTR-NKY" Name="top_img_multi.nky"/>
  <File Type="BG-BGN" Name="top_img_multi.bgn"/>
  <File Type="BG-DRC" Name="top_img_multi.drc"/>
  <File Type="RDI-RDI" Name="top_img_multi.vdi"/>
  <File Type="WBT-USG" Name="usage_statistics_webtalk.html"/>
  <FileSet Name="sources" Type="DesignSrcs" RelSrcDir="$PSRCDIR/sources_1">
    <Filter Type="Srcs"/>
    <File Path="$PSRCDIR/sources_1/new/top_img_multi.vhd">
      <FileInfo>
        <Attr Name="UsedIn" Val="synthesis"/>
        <Attr Name="UsedIn" Val="simulation"/>
      </FileInfo>
    </File>
    <File Path="$PSRCDIR/sources_1/new/shift_right_multiplier_8bit.vhd">
      <FileInfo>
        <Attr Name="AutoDisabled" Val="1"/>
        <Attr Name="UsedIn" Val="synthesis"/>
        <Attr Name="UsedIn" Val="simulation"/>
      </FileInfo>
    </File>
    <File Path="$PPRDIR/../instruction/image_data_1_3.coe">
      <FileInfo>
        <Attr Name="UsedIn" Val="synthesis"/>
        <Attr Name="UsedIn" Val="simulation"/>
      </FileInfo>
    </File>
    <Config>
      <Option Name="DesignMode" Val="RTL"/>
      <Option Name="TopModule" Val="top_img_multi"/>
      <Option Name="TopAutoSet" Val="TRUE"/>
    </Config>
  </FileSet>
  <FileSet Name="constrs_in" Type="Constrs" RelSrcDir="$PSRCDIR/constrs_1">
    <Filter Type="Constrs"/>
    <Config>
      <Option Name="ConstrsType" Val="XDC"/>
    </Config>
  </FileSet>
  <FileSet Name="utils" Type="Utils" RelSrcDir="$PSRCDIR/utils_1">
    <Filter Type="Utils"/>
    <Config>
      <Option Name="TopAutoSet" Val="TRUE"/>
    </Config>
  </FileSet>
  <Strategy Version="1" Minor="2">
    <StratHandle Name="Vivado Implementation Defaults" Flow="Vivado Implementation 2019">
      <Desc>Default settings for Implementation.</Desc>
    </StratHandle>
    <Step Id="init_design"/>
    <Step Id="opt_design"/>
    <Step Id="power_opt_design"/>
    <Step Id="place_design"/>
    <Step Id="post_place_power_opt_design"/>
    <Step Id="phys_opt_design"/>
    <Step Id="route_design"/>
    <Step Id="post_route_phys_opt_design"/>
    <Step Id="write_bitstream"/>
  </Strategy>
  <BlockFileSet Type="BlockSrcs" Name="blk_mem_gen_0"/>
</GenRun>
